1,AUS,1,-,1
1,AUT,3,-,3
1,BUL,1,-,1
1,DEN,3,-,3
1,FRA,12,-,12
1,GBR,10,-,10
1,GER,19,-,19
1,GRE,102,-,102
1,HUN,7,-,7
1,ITA,1,-,1
1,SUI,2,-,2
1,SWE,1,-,1
1,USA,14,-,14
2,ARG,1,-,1
2,AUS,1,-,1
2,AUT,15,-,15
2,BEL,67,-,67
2,BOH,6,1,7
2,CUB,1,-,1
2,DEN,13,-,13
2,ESP,9,-,9
2,FRA,742,15,757
2,GBR,95,1,96
2,GER,76,-,76
2,GRE,2,-,2
2,HAI,2,-,2
2,HUN,19,-,19
2,IND,1,-,1
2,IRI,1,-,1
2,ITA,22,1,23
2,MEX,3,-,3
2,NED,34,-,34
2,NOR,7,-,7
2,PER,1,-,1
2,ROU,1,-,1
2,RUS,4,-,4
2,SUI,17,2,19
2,SWE,10,-,10
2,UNK,1,-,1
2,USA,66,4,70
3,AUS,1,-,1
3,CAN,54,-,54
3,CUB,3,-,3
3,GBR,4,-,4
3,GER,18,-,18
3,GRE,14,-,14
3,HUN,4,-,4
3,ITA,1,-,1
3,RSA,8,-,8
3,USA,537,6,543
4,AUS,4,-,4
4,AUT,31,-,31
4,BEL,17,-,17
4,BOH,13,-,13
4,CAN,3,-,3
4,CRT,8,-,8
4,DEN,49,-,49
4,EGY,2,-,2
4,FIN,4,-,4
4,FRA,53,1,54
4,GBR,40,-,40
4,GER,49,-,49
4,GRE,318,5,323
4,HUN,35,-,35
4,ITA,76,-,76
4,NED,16,-,16
4,NOR,32,-,32
4,SUI,9,-,9
4,SWE,39,-,39
4,TUR,1,-,1
4,USA,38,-,38
6,ANZ,23,2,25
6,AUT,79,6,85
6,BEL,34,1,35
6,BOH,43,-,43
6,CAN,37,-,37
6,CHI,14,-,14
6,DEN,151,1,152
6,FIN,162,2,164
6,FRA,119,1,120
6,GBR,263,-,263
6,GER,180,5,185
6,GRE,22,-,22
6,HUN,119,-,119
6,ISL,2,-,2
6,ITA,66,-,66
6,JPN,2,-,2
6,LUX,21,-,21
6,NED,33,-,33
6,NOR,188,2,190
6,POL,1,-,1
6,POR,6,-,6
6,RSA,21,-,21
6,RUS,159,-,159
6,SRB,2,-,2
6,SUI,8,-,8
6,SWE,422,23,445
6,TUR,2,-,2
6,UNK,2,-,2
6,USA,174,-,174
7,ARG,1,-,1
7,AUS,12,1,13
7,BEL,328,10,338
7,BRA,19,-,19
7,CAN,55,-,55
7,CHI,2,-,2
7,DEN,150,4,154
7,EGY,18,-,18
7,ESP,58,-,58
7,EST,14,-,14
7,FIN,62,1,63
7,FRA,291,8,299
7,GBR,219,16,235
7,GRE,47,-,47
7,IND,5,-,5
7,ITA,173,1,174
7,JPN,15,-,15
7,LUX,25,-,25
7,MON,4,-,4
7,NED,129,1,130
7,NOR,188,6,194
7,NZL,3,1,4
7,POR,13,-,13
7,RSA,38,1,39
7,SUI,79,-,79
7,SWE,247,13,260
7,TCH,118,1,119
7,USA,274,14,288
7,YUG,15,-,15
8,ARG,77,-,77
8,AUS,35,1,36
8,AUT,46,3,49
8,BEL,166,7,173
8,BRA,12,-,12
8,BUL,24,-,24
8,CAN,65,-,65
8,CHI,13,-,13
8,CUB,9,-,9
8,DEN,77,12,89
8,ECU,3,-,3
8,EGY,24,-,24
8,ESP,93,2,95
8,EST,37,-,37
8,FIN,121,-,121
8,FRA,368,32,400
8,GBR,239,28,267
8,GRE,38,1,39
8,HAI,8,-,8
8,HUN,86,3,89
8,IND,12,1,13
8,IRL,46,2,48
8,ITA,196,4,200
8,JPN,19,-,19
8,LAT,36,-,36
8,LTU,13,-,13
8,LUX,46,2,48
8,MEX,15,-,15
8,MON,7,-,7
8,NED,169,9,178
8,NOR,60,2,62
8,NZL,3,1,4
8,PHI,1,-,1
8,POL,64,1,65
8,POR,28,-,28
8,ROU,35,-,35
8,RSA,30,-,30
8,RUS,2,1,3
8,SUI,136,5,141
8,SWE,146,13,159
8,TCH,129,4,133
8,TUR,22,-,22
8,URU,26,-,26
8,USA,275,24,299
8,YUG,42,-,42
9,ARG,81,-,81
9,AUS,14,4,18
9,AUT,67,6,73
9,BEL,175,12,187
9,BUL,5,-,5
9,CAN,61,7,68
9,CHI,38,-,38
9,CUB,1,-,1
9,DEN,82,9,91
9,EGY,32,-,32
9,ESP,80,-,80
9,EST,20,-,20
9,FIN,67,2,69
9,FRA,257,37,294
9,GBR,201,31,232
9,GER,263,35,298
9,GRE,23,-,23
9,HAI,2,-,2
9,HUN,93,16,109
9,IND,21,-,21
9,IRL,33,5,38
9,ITA,156,18,174
9,JPN,39,1,40
9,LAT,15,2,17
9,LTU,11,1,12
9,LUX,46,2,48
9,MEX,30,-,30
9,MLT,9,-,9
9,MON,10,-,10
9,NED,222,44,266
9,NOR,52,-,52
9,NZL,6,3,9
9,PAN,1,-,1
9,PHI,4,-,4
9,POL,88,12,100
9,POR,32,-,32
9,ROU,19,2,21
9,RSA,18,6,24
9,SUI,132,1,133
9,SWE,87,13,100
9,TCH,68,1,69
9,TUR,31,-,31
9,URU,17,-,17
9,USA,237,44,281
9,YUG,34,-,34
9,ZIM,2,-,2
10,ARG,33,-,33
10,AUS,8,4,12
10,AUT,16,2,18
10,BEL,29,7,36
10,BRA,58,1,59
10,BUL,2,-,2
10,CAN,85,17,102
10,CHN,1,-,1
10,COL,2,-,2
10,CUB,3,-,3
10,DEN,35,8,43
10,ESA,1,-,1
10,ESP,7,-,7
10,EST,2,-,2
10,FIN,40,-,40
10,FRA,97,6,103
10,GBR,92,17,109
10,GER,137,9,146
10,GRE,10,-,10
10,GUA,-,1,1
10,HAI,3,-,3
10,HUN,56,2,58
10,IND,19,-,19
10,IRL,14,2,16
10,ITA,112,-,112
10,JPN,140,17,157
10,LAT,5,-,5
10,LUX,3,-,3
10,MEX,71,2,73
10,MON,1,-,1
10,NED,29,15,44
10,NOR,6,1,7
10,NZL,20,1,21
10,PER,2,-,2
10,PHI,8,-,8
10,POL,42,9,51
10,POR,6,-,6
10,ROU,1,-,1
10,RSA,10,2,12
10,SUI,7,-,7
10,SWE,78,3,81
10,TCH,28,-,28
10,TUR,1,-,1
10,URU,2,-,2
10,USA,400,74,474
10,VEN,1,-,1
10,YUG,1,-,1
11,AFG,15,-,15
11,ARG,50,1,51
11,AUS,28,4,32
11,AUT,217,17,234
11,BEL,145,5,150
11,BER,5,-,5
11,BOL,2,-,2
11,BRA,67,6,73
11,BUL,26,-,26
11,CAN,79,18,97
11,CHI,39,1,40
11,CHN,52,2,54
11,COL,5,-,5
11,CRC,1,-,1
11,DEN,105,16,121
11,EGY,53,-,53
11,EST,33,-,33
11,FIN,103,5,108
11,FRA,190,11,201
11,GBR,171,37,208
11,GER,389,44,433
11,GRE,40,1,41
11,HUN,197,19,216
11,IND,27,-,27
11,ISL,12,-,12
11,ITA,228,16,244
11,JPN,204,16,220
11,LAT,29,-,29
11,LIE,6,-,6
11,LUX,48,1,49
11,MEX,32,-,32
11,MLT,11,-,11
11,MON,8,-,8
11,NED,144,21,165
11,NOR,68,2,70
11,NZL,7,-,7
11,PER,40,-,40
11,PHI,28,-,28
11,POL,127,17,144
11,POR,19,-,19
11,ROU,52,2,54
11,RSA,26,6,32
11,SUI,184,6,190
11,SWE,163,8,171
11,TCH,175,14,189
11,TUR,46,2,48
11,URU,37,-,37
11,USA,313,46,359
11,YUG,78,15,93
12,AFG,25,-,25
12,ARG,189,11,200
12,AUS,66,9,75
12,AUT,117,32,149
12,BEL,132,19,151
12,BER,10,2,12
12,BRA,59,11,70
12,CAN,105,22,127
12,CHI,50,4,54
12,CHN,30,1,31
12,COL,6,-,6
12,CUB,53,-,53
12,DEN,144,18,162
12,EGY,86,-,86
12,ESP,65,-,65
12,FIN,126,6,132
12,FRA,279,37,316
12,GBR,337,70,407
12,GRE,60,1,61
12,GUY,4,-,4
12,HUN,107,21,128
12,IND,79,-,79
12,IRI,36,-,36
12,IRL,76,5,81
12,IRQ,11,-,11
12,ISL,18,3,21
12,ITA,194,21,215
12,JAM,9,4,13
12,KOR,45,1,46
12,LBN,8,-,8
12,LIE,2,-,2
12,LUX,42,3,45
12,MEX,81,7,88
12,MLT,1,-,1
12,MON,4,-,4
12,MYA,4,-,4
12,NED,115,34,149
12,NOR,77,4,81
12,NZL,6,1,7
12,PAK,35,-,35
12,PAN,1,-,1
12,PER,41,-,41
12,PHI,26,-,26
12,POL,31,7,38
12,POR,48,-,48
12,PUR,9,-,9
12,RSA,34,1,35
12,SGP,1,-,1
12,SRI,7,-,7
12,SUI,178,9,187
12,SWE,162,19,181
12,SYR,1,-,1
12,TCH,76,14,90
12,TTO,5,-,5
12,TUR,57,1,58
12,URU,60,1,61
12,USA,262,38,300
12,VEN,1,-,1
12,YUG,79,11,90
13,AHO,11,-,11
13,ARG,115,8,123
13,AUS,71,10,81
13,AUT,91,21,112
13,BAH,7,-,7
13,BEL,130,5,135
13,BER,4,2,6
13,BRA,92,5,97
13,BUL,54,9,63
13,CAN,97,10,107
13,CHI,55,4,59
13,CHN,1,-,1
13,CUB,29,-,29
13,DEN,115,14,129
13,EGY,106,-,106
13,ESP,27,-,27
13,FIN,228,30,258
13,FRA,214,31,245
13,GBR,213,44,257
13,GER,173,32,205
13,GHA,7,-,7
13,GRE,48,-,48
13,GUA,20,1,21
13,GUY,1,-,1
13,HKG,2,2,4
13,HUN,162,27,189
13,INA,3,-,3
13,IND,60,4,64
13,IRI,22,-,22
13,IRL,19,-,19
13,ISL,9,-,9
13,ISR,22,3,25
13,ITA,208,23,231
13,JAM,6,2,8
13,JPN,58,11,69
13,KOR,18,1,19
13,LBN,9,-,9
13,LIE,2,-,2
13,LUX,44,-,44
13,MEX,61,3,64
13,MON,8,-,8
13,MYA,5,-,5
13,NED,78,26,104
13,NGR,9,-,9
13,NOR,96,6,102
13,NZL,12,2,14
13,PAK,38,-,38
13,PAN,1,-,1
13,PHI,25,-,25
13,POL,103,22,125
13,POR,68,3,71
13,PUR,21,-,21
13,ROU,103,11,114
13,RSA,60,4,64
13,SAA,31,5,36
13,SGP,4,1,5
13,SRI,5,-,5
13,SUI,148,9,157
13,SWE,183,23,206
13,TCH,86,13,99
13,THA,8,-,8
13,TTO,2,-,2
13,TUR,51,-,51
13,URS,255,40,295
13,URU,31,1,32
13,USA,245,41,286
13,VEN,36,2,38
13,VNM,8,-,8
13,YUG,77,10,87
14,AFG,12,-,12
14,ARG,27,1,28
14,AUS,250,44,294
14,AUT,24,5,29
14,BAH,4,-,4
14,BEL,51,3,54
14,BER,3,-,3
14,BRA,43,1,44
14,BUL,40,3,43
14,CAN,77,15,92
14,CHI,31,2,33
14,COL,26,-,26
14,CUB,15,1,16
14,DEN,27,4,31
14,ETH,12,-,12
14,FIJ,5,-,5
14,FIN,63,1,64
14,FRA,119,18,137
14,GBR,163,26,189
14,GER,134,24,158
14,GRE,13,-,13
14,GUY,3,1,4
14,HKG,2,-,2
14,HUN,88,20,108
14,INA,20,2,22
14,IND,58,1,59
14,IRI,17,-,17
14,IRL,11,1,12
14,ISL,2,-,2
14,ISR,2,1,3
14,ITA,114,15,129
14,JAM,6,-,6
14,JPN,94,16,110
14,KEN,24,1,25
14,KOR,35,-,35
14,LBR,4,-,4
14,LUX,10,1,11
14,MAL,32,1,33
14,MEX,21,3,24
14,MYA,11,-,11
14,NBO,2,-,2
14,NGR,10,-,10
14,NOR,18,-,18
14,NZL,43,8,51
14,PAK,55,-,55
14,PER,8,-,8
14,PHI,35,4,39
14,POL,49,15,64
14,POR,5,-,5
14,PUR,10,-,10
14,ROU,33,11,44
14,RSA,44,6,50
14,SGP,47,2,49
14,SRI,3,-,3
14,SWE,74,14,88
14,TCH,51,12,63
14,THA,35,-,35
14,TPE,20,-,20
14,TTO,6,-,6
14,TUR,13,-,13
14,UGA,3,-,3
14,URS,233,39,272
14,URU,21,-,21
14,USA,251,46,297
14,VEN,19,-,19
14,VNM,6,-,6
14,YUG,32,3,35
15,AFG,12,-,12
15,AHO,5,-,5
15,ARG,91,1,92
15,AUS,160,29,189
15,AUT,82,21,103
15,BAH,13,-,13
15,BEL,93,8,101
15,BER,9,-,9
15,BRA,70,1,71
15,BUL,89,9,98
15,CAN,74,11,85
15,CHI,8,1,9
15,COL,16,-,16
15,CUB,9,3,12
15,DEN,88,12,100
15,ESP,133,11,144
15,ETH,10,-,10
15,FIJ,2,-,2
15,FIN,107,10,117
15,FRA,210,28,238
15,GBR,206,47,253
15,GER,239,55,294
15,GHA,13,-,13
15,GRE,48,-,48
15,GUY,4,1,5
15,HAI,1,-,1
15,HKG,4,-,4
15,HUN,153,27,180
15,INA,20,2,22
15,IND,45,-,45
15,IRI,23,-,23
15,IRL,47,2,49
15,IRQ,21,-,21
15,ISL,8,1,9
15,ISR,17,6,23
15,ITA,246,34,280
15,JPN,142,20,162
15,KEN,27,-,27
15,KOR,33,2,35
15,LBN,19,-,19
15,LBR,4,-,4
15,LIE,5,-,5
15,LUX,47,5,52
15,MAL,9,-,9
15,MAR,47,-,47
15,MEX,63,6,69
15,MLT,10,-,10
15,MON,11,-,11
15,MYA,10,-,10
15,NED,80,30,110
15,NGR,12,-,12
15,NOR,39,1,40
15,NZL,33,4,37
15,PAK,44,-,44
15,PAN,2,4,6
15,PER,31,-,31
15,PHI,36,4,40
15,POL,156,29,185
15,POR,60,5,65
15,PUR,26,1,27
15,RHO,7,5,12
15,ROU,82,16,98
15,RSA,53,2,55
15,SGP,5,-,5
15,SMR,9,-,9
15,SRI,5,-,5
15,SUD,10,-,10
15,SUI,147,2,149
15,SWE,115,19,134
15,TCH,99,17,116
15,THA,20,-,20
15,TPE,24,3,27
15,TUN,42,-,42
15,TUR,46,3,49
15,UAR,74,-,74
15,UGA,10,-,10
15,URS,233,50,283
15,URU,34,-,34
15,USA,241,51,292
15,VEN,31,5,36
15,VNM,3,-,3
15,WIF,13,-,13
15,YUG,107,9,116
15,ZIM,2,-,2
16,AFG,8,-,8
16,AHO,4,-,4
16,ALG,1,-,1
16,ARG,96,6,102
16,AUS,203,40,243
16,AUT,45,11,56
16,BAH,11,-,11
16,BEL,60,1,61
16,BER,4,-,4
16,BOL,1,-,1
16,BRA,60,1,61
16,BUL,56,7,63
16,CAM,13,-,13
16,CAN,95,20,115
16,CGO,2,-,2
16,CHA,2,-,2
16,CHI,14,-,14
16,CIV,9,-,9
16,CMR,1,-,1
16,COL,20,-,20
16,CRC,2,-,2
16,CUB,25,2,27
16,DEN,53,7,60
16,DOM,1,-,1
16,EGY,73,-,73
16,ESP,48,3,51
16,ETH,12,-,12
16,FIN,84,5,89
16,FRA,118,20,138
16,GBR,160,44,204
16,GER,275,62,337
16,GHA,30,3,33
16,GRE,18,-,18
16,GUY,1,-,1
16,HKG,38,1,39
16,HUN,150,32,182
16,IND,52,1,53
16,IRI,58,4,62
16,IRL,24,1,25
16,IRQ,13,-,13
16,ISL,3,1,4
16,ISR,8,2,10
16,ITA,157,11,168
16,JAM,17,4,21
16,JPN,270,58,328
16,KEN,37,-,37
16,KOR,128,26,154
16,LBN,5,-,5
16,LBR,1,-,1
16,LIE,2,-,2
16,LUX,10,2,12
16,MAD,3,-,3
16,MAR,20,-,20
16,MAS,57,4,61
16,MEX,90,4,94
16,MGL,17,4,21
16,MLI,2,-,2
16,MON,1,-,1
16,MYA,11,-,11
16,NED,105,20,125
16,NEP,6,-,6
16,NGR,16,2,18
16,NIG,1,-,1
16,NOR,24,2,26
16,NZL,56,8,64
16,PAK,41,-,41
16,PAN,6,4,10
16,PER,30,1,31
16,PHI,40,7,47
16,POL,115,25,140
16,POR,19,1,20
16,PUR,30,2,32
16,ROU,108,30,138
16,SEN,12,-,12
16,SRI,6,-,6
16,SUI,65,1,66
16,SWE,76,18,94
16,TAN,4,-,4
16,TCH,95,9,104
16,THA,47,7,54
16,TPE,37,3,40
16,TTO,13,-,13
16,TUN,9,-,9
16,TUR,23,-,23
16,UGA,11,2,13
16,URS,254,63,317
16,URU,23,-,23
16,USA,267,79,346
16,VEN,15,1,16
16,VNM,16,-,16
16,YUG,72,3,75
16,ZAM,11,1,12
16,ZIM,25,4,29
17,AFG,5,-,5
17,AHO,3,2,5
17,ALG,3,-,3
17,ARG,84,5,89
17,AUS,104,24,128
17,AUT,35,8,43
17,BAH,16,-,16
17,BAR,9,-,9
17,BEL,77,5,82
17,BER,6,-,6
17,BIZ,7,-,7
17,BOL,4,-,4
17,BRA,73,3,76
17,BUL,102,10,112
17,CAF,1,-,1
17,CAN,111,28,139
17,CHA,3,-,3
17,CHI,19,2,21
17,CIV,10,-,10
17,CMR,5,-,5
17,COD,5,-,5
17,COL,38,5,43
17,CRC,17,1,18
17,CUB,101,14,115
17,DEN,60,4,64
17,DOM,18,-,18
17,ECU,14,1,15
17,EGY,30,-,30
17,ESA,52,8,60
17,ESP,120,2,122
17,ETH,18,-,18
17,FIJ,1,-,1
17,FIN,60,6,66
17,FRA,169,31,200
17,FRG,232,43,275
17,GBR,175,50,225
17,GDR,186,40,226
17,GHA,30,1,31
17,GRE,44,-,44
17,GUA,47,1,48
17,GUI,15,-,15
17,GUY,5,-,5
17,HKG,11,-,11
17,HON,6,-,6
17,HUN,135,32,167
17,INA,6,-,6
17,IND,25,-,25
17,IRI,14,-,14
17,IRL,25,6,31
17,IRQ,3,-,3
17,ISL,6,2,8
17,ISR,26,3,29
17,ISV,6,-,6
17,ITA,152,15,167
17,JAM,20,5,25
17,JPN,146,25,171
17,KEN,36,3,39
17,KOR,41,13,54
17,KUW,2,-,2
17,LBA,1,-,1
17,LBN,11,-,11
17,LIE,2,-,2
17,LUX,3,2,5
17,MAD,4,-,4
17,MAR,25,-,25
17,MAS,31,-,31
17,MEX,233,42,275
17,MGL,12,4,16
17,MLI,2,-,2
17,MLT,1,-,1
17,MON,2,-,2
17,MYA,4,-,4
17,NCA,11,-,11
17,NED,82,25,107
17,NGR,31,5,36
17,NIG,2,-,2
17,NOR,38,8,46
17,NZL,47,5,52
17,PAK,15,-,15
17,PAN,16,-,16
17,PAR,1,-,1
17,PER,16,12,28
17,PHI,45,4,49
17,POL,140,37,177
17,POR,19,1,20
17,PUR,54,4,58
17,ROU,66,16,82
17,SEN,21,-,21
17,SGP,4,-,4
17,SLE,3,-,3
17,SMR,4,-,4
17,SRI,3,-,3
17,SUD,5,-,5
17,SUI,81,4,85
17,SUR,1,-,1
17,SWE,86,14,100
17,SYR,2,-,2
17,TAN,4,-,4
17,TCH,94,27,121
17,THA,41,-,41
17,TPE,35,8,43
17,TTO,19,-,19
17,TUN,7,-,7
17,TUR,29,-,29
17,UGA,11,-,11
17,URS,246,66,312
17,URU,21,6,27
17,USA,274,83,357
17,VEN,23,-,23
17,VNM,7,2,9
17,YUG,59,10,69
17,ZAM,7,-,7
18,AFG,8,-,8
18,AHO,2,-,2
18,ALB,4,1,5
18,ALG,5,-,5
18,ARG,88,4,92
18,AUS,139,29,168
18,AUT,97,14,111
18,BAH,19,1,20
18,BAR,8,5,13
18,BEL,82,6,88
18,BEN,3,-,3
18,BER,9,-,9
18,BIZ,1,-,1
18,BOL,11,-,11
18,BRA,78,3,81
18,BUL,106,24,130
18,BUR,1,-,1
18,CAM,8,1,9
18,CAN,158,50,208
18,CGO,6,-,6
18,CHA,4,-,4
18,CHI,9,2,11
18,CIV,11,-,11
18,CMR,11,-,11
18,COL,55,4,59
18,CRC,3,-,3
18,CUB,109,28,137
18,DEN,114,12,126
18,DOM,5,-,5
18,ECU,2,-,2
18,EGY,23,-,23
18,ESA,11,-,11
18,ESP,118,5,123
18,ETH,31,-,31
18,FIJ,2,-,2
18,FIN,89,7,96
18,FRA,197,30,227
18,FRG,341,83,424
18,GAB,1,-,1
18,GBR,210,74,284
18,GDR,231,66,297
18,GHA,33,2,35
18,GRE,58,2,60
18,GUA,8,-,8
18,GUY,3,-,3
18,HAI,6,1,7
18,HKG,10,-,10
18,HUN,187,45,232
18,INA,3,3,6
18,IND,40,1,41
18,IRI,48,-,48
18,IRL,51,8,59
18,ISL,24,1,25
18,ISR,12,2,14
18,ISV,16,-,16
18,ITA,197,27,224
18,JAM,21,12,33
18,JPN,148,36,184
18,KEN,55,2,57
18,KOR,32,10,42
18,KSA,10,-,10
18,KUW,4,-,4
18,LBN,17,2,19
18,LBR,5,-,5
18,LES,1,-,1
18,LIE,6,-,6
18,LUX,10,1,11
18,MAD,11,-,11
18,MAR,33,2,35
18,MAS,42,3,45
18,MAW,13,3,16
18,MEX,152,22,174
18,MGL,37,2,39
18,MLI,3,-,3
18,MLT,5,-,5
18,MON,5,-,5
18,MYA,18,-,18
18,NCA,7,1,8
18,NED,90,29,119
18,NEP,2,-,2
18,NGR,20,5,25
18,NIG,4,-,4
18,NOR,101,11,112
18,NZL,82,7,89
18,PAK,25,-,25
18,PAN,7,-,7
18,PAR,3,-,3
18,PER,17,3,20
18,PHI,48,5,53
18,POL,252,38,290
18,POR,29,-,29
18,PRK,23,14,37
18,PUR,53,-,53
18,ROU,132,27,159
18,SEN,38,-,38
18,SGP,5,2,7
18,SMR,7,-,7
18,SOM,3,-,3
18,SRI,4,-,4
18,SUD,26,-,26
18,SUI,122,29,151
18,SUR,2,-,2
18,SWE,104,27,131
18,SWZ,2,-,2
18,SYR,4,1,5
18,TAN,15,-,15
18,TCH,145,36,181
18,THA,33,-,33
18,TOG,7,-,7
18,TPE,15,6,21
18,TTO,18,1,19
18,TUN,35,-,35
18,TUR,42,1,43
18,UGA,31,2,33
18,URS,298,73,371
18,URU,10,3,13
18,USA,316,84,400
18,VEN,20,3,23
18,VNM,1,1,2
18,YUG,113,13,126
18,ZAM,8,3,11
19,AHO,4,-,4
19,AND,3,-,3
19,ANT,10,-,10
19,ARG,65,4,69
19,AUS,146,34,180
19,AUT,54,6,60
19,BAH,10,1,11
19,BAR,9,2,11
19,BEL,75,26,101
19,BER,15,1,16
19,BIZ,4,-,4
19,BOL,4,-,4
19,BRA,72,7,79
19,BUL,105,53,158
19,CAN,261,124,385
19,CAY,2,-,2
19,CHI,7,-,7
19,CIV,7,1,8
19,CMR,4,-,4
19,COL,32,3,35
19,CRC,4,1,5
19,CUB,132,24,156
19,DEN,56,10,66
19,DOM,9,1,10
19,ECU,5,-,5
19,EGY,26,-,26
19,ESP,103,10,113
19,FIJ,1,1,2
19,FIN,77,6,83
19,FRA,177,29,206
19,FRG,233,57,290
19,GBR,176,66,242
19,GDR,154,113,267
19,GRE,34,2,36
19,GUA,26,2,28
19,HAI,10,3,13
19,HKG,23,2,25
19,HON,3,-,3
19,HUN,124,54,178
19,INA,5,2,7
19,IND,26,-,26
19,IRI,80,4,84
19,IRL,41,3,44
19,ISL,9,4,13
19,ISR,24,2,26
19,ISV,19,2,21
19,ITA,183,27,210
19,JAM,11,9,20
19,JPN,153,60,213
19,KOR,38,12,50
19,KSA,14,-,14
19,KUW,15,-,15
19,LBN,3,-,3
19,LIE,4,2,6
19,LUX,8,-,8
19,MAR,9,-,9
19,MAS,23,-,23
19,MEX,92,5,97
19,MGL,30,2,32
19,MON,8,-,8
19,NCA,15,-,15
19,NED,72,36,108
19,NEP,1,-,1
19,NOR,60,6,66
19,NZL,71,9,80
19,PAK,24,-,24
19,PAN,7,1,8
19,PAR,4,-,4
19,PER,-,13,13
19,PHI,13,1,14
19,PNG,6,-,6
19,POL,180,27,207
19,POR,19,-,19
19,PRK,36,2,38
19,PUR,73,7,80
19,ROU,103,54,157
19,SEN,19,2,21
19,SGP,3,1,4
19,SMR,8,2,10
19,SUI,47,3,50
19,SUR,3,-,3
19,SWE,99,17,116
19,TCH,125,38,163
19,THA,39,3,42
19,TTO,13,-,13
19,TUN,14,1,15
19,TUR,26,1,27
19,URS,285,125,410
19,URU,7,2,9
19,USA,278,118,396
19,VEN,23,9,32
19,YUG,83,5,88
20,AFG,11,-,11
20,ALG,54,-,54
20,AND,2,-,2
20,ANG,10,1,11
20,AUS,92,28,120
20,AUT,64,19,83
20,BEL,43,16,59
20,BEN,15,1,16
20,BOT,7,-,7
20,BRA,91,15,106
20,BUL,183,88,271
20,CGO,9,14,23
20,CMR,22,3,25
20,COL,23,-,23
20,CRC,28,1,29
20,CUB,174,33,207
20,CYP,12,2,14
20,DEN,55,3,58
20,DOM,5,1,6
20,ECU,11,1,12
20,ESP,146,9,155
20,ETH,39,2,41
20,FIN,99,6,105
20,FRA,98,23,121
20,GBR,149,70,219
20,GDR,222,124,346
20,GRE,38,3,41
20,GUA,10,-,10
20,GUI,9,-,9
20,GUY,7,1,8
20,HUN,182,81,263
20,IND,56,16,72
20,IRL,44,3,47
20,IRQ,43,-,43
20,ISL,9,-,9
20,ITA,121,38,159
20,JAM,11,7,18
20,JOR,4,-,4
20,KUW,56,-,56
20,LAO,17,2,19
20,LBA,27,2,29
20,LBN,15,-,15
20,LES,5,-,5
20,LUX,3,-,3
20,MAD,8,3,11
20,MEX,36,9,45
20,MGL,39,4,43
20,MLI,6,1,7
20,MLT,7,1,8
20,MOZ,12,2,14
20,MYA,2,-,2
20,NCA,3,2,5
20,NED,57,18,75
20,NEP,10,-,10
20,NGR,38,6,44
20,NZL,4,-,4
20,PER,14,14,28
20,POL,232,74,306
20,POR,10,1,11
20,PRK,39,8,47
20,PUR,3,-,3
20,ROU,156,70,226
20,SEN,30,2,32
20,SEY,9,2,11
20,SLE,12,2,14
20,SMR,16,-,16
20,SRI,4,-,4
20,SUI,67,6,73
20,SWE,122,23,145
20,SYR,65,2,67
20,TAN,36,5,41
20,TCH,161,47,208
20,TTO,9,-,9
20,UGA,13,-,13
20,URS,340,149,489
20,VEN,37,-,37
20,VIE,22,8,30
20,YUG,136,28,164
20,ZAM,37,-,37
20,ZIM,23,19,42
21,AHO,3,5,8
21,ALG,33,-,33
21,AND,2,-,2
21,ANT,10,4,14
21,ARG,71,10,81
21,AUS,169,73,242
21,AUT,72,31,103
21,BAH,17,5,22
21,BAN,1,-,1
21,BAR,13,3,16
21,BEL,47,16,63
21,BEN,3,-,3
21,BER,11,1,12
21,BHU,3,3,6
21,BIZ,11,-,11
21,BOL,10,1,11
21,BOT,7,-,7
21,BRA,126,21,147
21,BRN,10,-,10
21,CAF,3,-,3
21,CAN,257,151,408
21,CAY,7,1,8
21,CGO,8,1,9
21,CHA,3,-,3
21,CHI,50,2,52
21,CHN,132,83,215
21,CIV,14,1,15
21,CMR,42,4,46
21,COD,7,1,8
21,COL,36,3,39
21,CRC,27,1,28
21,CYP,10,-,10
21,DEN,49,11,60
21,DJI,3,-,3
21,DOM,15,4,19
21,ECU,10,1,11
21,EGY,108,6,114
21,ESA,9,1,10
21,ESP,163,16,179
21,FIJ,11,3,14
21,FIN,73,13,86
21,FRA,189,49,238
21,FRG,268,123,391
21,GAB,2,2,4
21,GAM,6,4,10
21,GBR,229,108,337
21,GEQ,4,-,4
21,GHA,14,7,21
21,GRE,59,4,63
21,GRN,5,1,6
21,GUA,20,4,24
21,GUI,1,-,1
21,GUY,8,2,10
21,HAI,1,2,3
21,HKG,36,11,47
21,HON,7,3,10
21,INA,13,3,16
21,IND,42,6,48
21,IRL,28,14,42
21,IRQ,23,-,23
21,ISL,27,3,30
21,ISR,24,8,32
21,ISV,26,3,29
21,ITA,222,46,268
21,IVB,9,-,9
21,JAM,31,14,45
21,JOR,12,1,13
21,JPN,174,52,226
21,KEN,56,5,61
21,KOR,116,59,175
21,KSA,37,-,37
21,KUW,23,-,23
21,LBN,21,1,22
21,LBR,6,1,7
21,LES,4,-,4
21,LIE,5,2,7
21,LUX,4,1,5
21,MAD,5,-,5
21,MAR,33,1,34
21,MAS,20,1,21
21,MAW,15,-,15
21,MEX,77,22,99
21,MLI,4,-,4
21,MLT,5,2,7
21,MON,8,-,8
21,MOZ,8,1,9
21,MRI,3,1,4
21,MTN,2,-,2
21,MYA,1,-,1
21,NCA,5,-,5
21,NED,82,54,136
21,NEP,10,-,10
21,NGR,30,2,32
21,NIG,4,-,4
21,NOR,84,19,103
21,NZL,98,32,130
21,OMA,16,-,16
21,PAK,31,-,31
21,PAN,7,1,8
21,PAR,14,-,14
21,PER,19,16,35
21,PHI,15,4,19
21,PNG,4,3,7
21,POR,29,9,38
21,PUR,43,8,51
21,QAT,24,-,24
21,ROU,71,53,124
21,RWA,2,1,3
21,SAM,8,-,8
21,SEN,23,1,24
21,SEY,8,1,9
21,SGP,5,-,5
21,SLE,6,1,7
21,SMR,18,1,19
21,SOL,3,-,3
21,SOM,7,-,7
21,SRI,4,-,4
21,SUD,7,-,7
21,SUI,102,27,129
21,SUR,5,-,5
21,SWE,131,43,174
21,SWZ,8,-,8
21,SYR,9,-,9
21,TAN,16,2,18
21,TGA,7,-,7
21,THA,25,10,35
21,TOG,6,-,6
21,TPE,31,7,38
21,TTO,11,5,16
21,TUN,22,1,23
21,TUR,45,1,46
21,UAE,7,-,7
21,UGA,24,2,26
21,URU,17,1,18
21,USA,339,183,522
21,VEN,25,1,26
21,YAR,2,-,2
21,YUG,105,34,139
21,ZAM,16,-,16
21,ZIM,12,3,15
22,AFG,5,-,5
22,AHO,2,1,3
22,ALG,40,2,42
22,AND,3,-,3
22,ANG,19,5,24
22,ANT,12,3,15
22,ARG,93,25,118
22,ARU,4,4,8
22,ASA,6,-,6
22,AUS,180,72,252
22,AUT,66,7,73
22,BAH,12,4,16
22,BAN,6,-,6
22,BAR,16,1,17
22,BEL,35,24,59
22,BEN,6,1,7
22,BER,11,1,12
22,BHU,3,-,3
22,BIZ,10,-,10
22,BOL,6,1,7
22,BOT,8,-,8
22,BRA,127,33,160
22,BRN,7,-,7
22,BUL,104,68,172
22,BUR,5,1,6
22,CAF,15,-,15
22,CAN,223,105,328
22,CAY,7,1,8
22,CGO,5,2,7
22,CHA,6,-,6
22,CHI,16,1,17
22,CHN,149,124,273
22,CIV,11,17,28
22,CMR,13,2,15
22,COD,13,2,15
22,COK,6,1,7
22,COL,34,6,40
22,CRC,9,7,16
22,CYP,7,2,9
22,DEN,57,21,78
22,DJI,6,-,6
22,DOM,15,1,16
22,ECU,10,3,13
22,EGY,48,1,49
22,ESA,5,1,6
22,ESP,200,29,229
22,FIJ,19,4,23
22,FIN,59,19,78
22,FRA,192,74,266
22,FRG,244,103,347
22,GAB,1,1,2
22,GAM,5,1,6
22,GBR,219,126,345
22,GDR,157,102,259
22,GEQ,4,2,6
22,GHA,10,6,16
22,GRE,44,12,56
22,GRN,4,2,6
22,GUA,25,3,28
22,GUI,6,-,6
22,GUM,14,5,19
22,GUY,7,1,8
22,HAI,3,1,4
22,HKG,38,10,48
22,HON,7,1,8
22,HUN,152,36,188
22,INA,23,6,29
22,IND,39,7,46
22,IRI,23,-,23
22,IRL,52,9,61
22,IRQ,27,-,27
22,ISL,28,4,32
22,ISR,14,4,18
22,ISV,19,3,22
22,ITA,212,41,253
22,IVB,3,-,3
22,JAM,24,11,35
22,JOR,5,2,7
22,JPN,186,69,255
22,KEN,70,4,74
22,KOR,269,132,401
22,KSA,9,-,9
22,KUW,25,-,25
22,LAO,2,1,3
22,LBA,6,-,6
22,LBN,19,2,21
22,LBR,7,1,8
22,LES,6,-,6
22,LIE,9,3,12
22,LUX,5,3,8
22,MAR,24,3,27
22,MAS,5,4,9
22,MAW,16,-,16
22,MDV,7,-,7
22,MEX,66,17,83
22,MGL,24,4,28
22,MLI,5,1,6
22,MLT,5,1,6
22,MON,8,1,9
22,MOZ,6,2,8
22,MRI,6,2,8
22,MTN,6,-,6
22,MYA,-,2,2
22,NED,93,54,147
22,NEP,13,3,16
22,NGR,61,8,69
22,NIG,6,-,6
22,NOR,44,25,69
22,NZL,67,16,83
22,OMA,8,-,8
22,PAK,30,-,30
22,PAN,6,-,6
22,PAR,10,-,10
22,PER,7,14,21
22,PHI,26,5,31
22,PNG,9,2,11
22,POL,111,32,143
22,POR,55,10,65
22,PUR,44,3,47
22,QAT,10,-,10
22,ROU,32,36,68
22,RWA,3,3,6
22,SAM,11,-,11
22,SEN,22,1,23
22,SGP,7,1,8
22,SLE,11,1,12
22,SMR,11,-,11
22,SOL,4,-,4
22,SOM,5,-,5
22,SRI,4,2,6
22,SUD,8,-,8
22,SUI,72,27,99
22,SUR,4,2,6
22,SWE,147,37,184
22,SWZ,11,-,11
22,SYR,13,-,13
22,TAN,10,-,10
22,TCH,110,53,163
22,TGA,4,1,5
22,THA,12,2,14
22,TOG,6,-,6
22,TPE,43,18,61
22,TTO,4,2,6
22,TUN,39,2,41
22,TUR,36,5,41
22,UAE,12,-,12
22,UGA,20,4,24
22,URS,319,162,481
22,URU,14,1,15
22,USA,332,195,527
22,VAN,3,1,4
22,VEN,15,2,17
22,VIE,8,1,9
22,VIN,5,1,6
22,YAR,8,-,8
22,YMD,5,-,5
22,YUG,117,38,155
22,ZAM,29,-,29
22,ZIM,23,6,29
23,AHO,3,1,4
23,ALB,5,2,7
23,ALG,33,2,35
23,AND,7,1,8
23,ANG,25,3,28
23,ANT,9,4,13
23,ARG,67,17,84
23,ARU,4,1,5
23,ASA,3,-,3
23,AUS,187,92,279
23,AUT,71,31,102
23,BAH,12,2,14
23,BAN,5,1,6
23,BAR,16,1,17
23,BEL,43,25,68
23,BEN,4,2,6
23,BER,14,6,20
23,BHU,3,3,6
23,BIH,6,4,10
23,BIZ,9,1,10
23,BOL,8,5,13
23,BOT,6,-,6
23,BRA,132,50,182
23,BRN,10,-,10
23,BUL,87,51,138
23,BUR,4,-,4
23,CAF,13,2,15
23,CAN,179,116,295
23,CAY,10,-,10
23,CGO,6,1,7
23,CHA,5,1,6
23,CHI,9,3,12
23,CHN,117,127,244
23,CIV,8,5,13
23,CMR,3,5,8
23,COD,15,2,17
23,COK,2,-,2
23,COL,46,3,49
23,CRC,11,5,16
23,CRO,36,3,39
23,CUB,126,50,176
23,CYP,13,4,17
23,DEN,77,33,110
23,DJI,8,-,8
23,DOM,30,2,32
23,ECU,6,7,13
23,EGY,72,3,75
23,ESA,3,1,4
23,ESP,296,125,421
23,EST,33,4,37
23,ETH,14,6,20
23,EUN,310,165,475
23,FIJ,14,4,18
23,FIN,60,28,88
23,FRA,241,98,339
23,GAB,4,1,5
23,GAM,5,-,5
23,GBR,229,142,371
23,GEQ,5,2,7
23,GER,300,163,463
23,GHA,32,2,34
23,GRE,56,14,70
23,GRN,3,1,4
23,GUA,12,2,14
23,GUI,6,2,8
23,GUM,16,6,22
23,GUY,5,1,6
23,HAI,7,-,7
23,HKG,28,10,38
23,HON,7,3,10
23,HUN,159,58,217
23,INA,27,15,42
23,IND,46,6,52
23,IOA,39,19,58
23,IRI,36,-,36
23,IRL,49,9,58
23,IRQ,8,-,8
23,ISL,24,3,27
23,ISR,25,5,30
23,ISV,20,5,25
23,ITA,228,76,304
23,IVB,4,-,4
23,JAM,22,14,36
23,JOR,3,1,4
23,JPN,175,81,256
23,KEN,40,9,49
23,KOR,154,72,226
23,KSA,9,-,9
23,KUW,32,-,32
23,LAO,6,-,6
23,LAT,25,9,34
23,LBA,5,-,5
23,LBN,12,-,12
23,LES,5,1,6
23,LIE,4,3,7
23,LTU,36,11,47
23,LUX,5,1,6
23,MAD,8,5,13
23,MAR,43,1,44
23,MAS,26,-,26
23,MAW,3,1,4
23,MDV,6,1,7
23,MEX,76,26,102
23,MGL,27,6,33
23,MLI,3,2,5
23,MLT,3,3,6
23,MON,1,1,2
23,MOZ,3,3,6
23,MRI,6,7,13
23,MTN,6,-,6
23,MYA,1,3,4
23,NAM,5,1,6
23,NCA,7,1,8
23,NED,117,84,201
23,NEP,1,1,2
23,NGR,32,23,55
23,NIG,3,-,3
23,NOR,51,32,83
23,NZL,92,42,134
23,OMA,5,-,5
23,PAK,27,-,27
23,PAN,5,-,5
23,PAR,24,3,27
23,PER,12,4,16
23,PHI,24,2,26
23,PNG,12,1,13
23,POL,149,52,201
23,POR,68,22,90
23,PRK,36,28,64
23,PUR,65,6,71
23,QAT,28,-,28
23,ROU,105,68,173
23,RSA,68,25,93
23,RWA,7,3,10
23,SAM,5,-,5
23,SEN,18,2,20
23,SEY,10,1,11
23,SGP,11,3,14
23,SLE,9,2,11
23,SLO,29,6,35
23,SMR,16,1,17
23,SOL,1,-,1
23,SRI,5,6,11
23,SUD,6,-,6
23,SUI,73,29,102
23,SUR,5,1,6
23,SWE,143,44,187
23,SWZ,6,-,6
23,SYR,7,1,8
23,TAN,9,-,9
23,TCH,146,62,208
23,TGA,5,-,5
23,THA,23,23,46
23,TOG,6,-,6
23,TPE,23,8,31
23,TTO,7,-,7
23,TUN,11,2,13
23,TUR,36,5,41
23,UAE,13,-,13
23,UGA,6,2,8
23,URU,16,-,16
23,USA,355,190,545
23,VAN,4,2,6
23,VEN,22,4,26
23,VIE,2,5,7
23,VIN,4,2,6
23,YEM,8,-,8
23,ZAM,8,1,9
23,ZIM,10,9,19
24,AFG,2,-,2
24,AHO,6,-,6
24,ALB,3,4,7
24,ALG,39,6,45
24,AND,6,2,8
24,ANG,13,15,28
24,ANT,8,5,13
24,ARG,132,47,179
24,ARM,30,2,32
24,ARU,3,-,3
24,ASA,6,1,7
24,AUS,250,167,417
24,AUT,56,16,72
24,AZE,20,3,23
24,BAH,19,7,26
24,BAN,3,1,4
24,BAR,11,2,13
24,BDI,6,1,7
24,BEL,41,20,61
24,BEN,4,1,5
24,BER,7,2,9
24,BHU,1,1,2
24,BIH,7,2,9
24,BIZ,2,3,5
24,BLR,91,66,157
24,BOL,6,2,8
24,BOT,7,-,7
24,BRA,156,65,221
24,BRN,5,-,5
24,BRU,1,-,1
24,BUL,74,36,110
24,BUR,3,2,5
24,CAF,3,2,5
24,CAM,3,2,5
24,CAN,152,151,303
24,CAY,8,1,9
24,CGO,3,2,5
24,CHA,3,1,4
24,CHI,16,5,21
24,CHN,111,183,294
24,CIV,10,1,11
24,CMR,11,4,15
24,COD,2,12,14
24,COK,2,1,3
24,COL,39,9,48
24,COM,3,1,4
24,CPV,2,1,3
24,CRC,6,5,11
24,CRO,75,9,84
24,CUB,111,53,164
24,CYP,15,2,17
24,CZE,76,39,115
24,DEN,54,65,119
24,DJI,5,-,5
24,DMA,4,2,6
24,DOM,12,4,16
24,ECU,17,2,19
24,EGY,27,2,29
24,ESA,6,2,8
24,ESP,194,95,289
24,EST,35,8,43
24,ETH,10,8,18
24,FIJ,14,3,17
24,FIN,47,29,76
24,FRA,197,102,299
24,GAB,6,1,7
24,GAM,8,1,9
24,GBR,184,116,300
24,GBS,3,-,3
24,GEO,27,7,34
24,GEQ,4,1,5
24,GER,279,187,466
24,GHA,33,2,35
24,GRE,87,34,121
24,GRN,5,-,5
24,GUA,25,1,26
24,GUI,4,1,5
24,GUM,6,2,8
24,GUY,6,1,7
24,HAI,7,-,7
24,HKG,14,9,23
24,HON,4,3,7
24,HUN,147,66,213
24,INA,23,17,40
24,IND,40,9,49
24,IRI,17,1,18
24,IRL,62,16,78
24,IRQ,3,-,3
24,ISL,5,4,9
24,ISR,18,7,25
24,ISV,6,6,12
24,ITA,236,104,340
24,IVB,7,-,7
24,JAM,27,19,46
24,JOR,3,2,5
24,JPN,157,149,306
24,KAZ,72,24,96
24,KEN,42,10,52
24,KGZ,26,7,33
24,KOR,190,113,303
24,KSA,29,-,29
24,KUW,25,-,25
24,LAO,4,1,5
24,LAT,34,13,47
24,LBA,5,-,5
24,LBN,-,1,1
24,LBR,4,1,5
24,LCA,5,1,6
24,LES,5,4,9
24,LIE,-,2,2
24,LTU,45,16,61
24,LUX,2,4,6
24,MAD,4,7,11
24,MAR,32,2,34
24,MAS,32,3,35
24,MAW,2,-,2
24,MDA,35,5,40
24,MDV,5,1,6
24,MEX,71,27,98
24,MGL,12,4,16
24,MKD,8,3,11
24,MLI,1,2,3
24,MLT,4,3,7
24,MON,2,1,3
24,MOZ,2,1,3
24,MRI,21,5,26
24,MTN,4,-,4
24,MYA,2,1,3
24,NAM,6,2,8
24,NCA,25,1,26
24,NED,137,102,239
24,NEP,3,3,6
24,NGR,49,16,65
24,NIG,2,1,3
24,NOR,42,55,97
24,NRU,3,-,3
24,NZL,66,29,95
24,OMA,4,-,4
24,PAK,23,1,24
24,PAN,5,2,7
24,PAR,6,1,7
24,PER,15,14,29
24,PHI,8,4,12
24,PLE,1,-,1
24,PNG,11,-,11
24,POL,126,39,165
24,POR,83,24,107
24,PRK,15,9,24
24,PUR,47,22,69
24,QAT,12,-,12
24,ROU,98,67,165
24,RSA,64,20,84
24,RUS,232,158,390
24,RWA,4,-,4
24,SAM,4,1,5
24,SCG,59,9,68
24,SEN,11,-,11
24,SEY,8,1,9
24,SGP,9,5,14
24,SKN,4,6,10
24,SLE,10,4,14
24,SLO,25,12,37
24,SMR,6,1,7
24,SOL,3,1,4
24,SOM,4,-,4
24,SRI,5,4,9
24,STP,1,1,2
24,SUD,4,-,4
24,SUI,72,43,115
24,SUR,5,2,7
24,SVK,58,13,71
24,SWE,111,66,177
24,SWZ,5,1,6
24,SYR,6,1,7
24,TAN,6,1,7
24,TGA,4,1,5
24,THA,25,12,37
24,TJK,6,2,8
24,TKM,4,3,7
24,TOG,5,-,5
24,TPE,32,42,74
24,TTO,8,4,12
24,TUN,45,6,51
24,TUR,44,9,53
24,UAE,4,-,4
24,UGA,7,3,10
24,UKR,146,85,231
24,URU,12,2,14
24,USA,375,273,648
24,UZB,63,8,71
24,VAN,3,1,4
24,VEN,34,5,39
24,VIE,3,3,6
24,VIN,7,1,8
24,YEM,4,-,4
24,ZAM,7,1,8
24,ZIM,12,1,13
25,AHO,6,1,7
25,ALB,2,2,4
25,ALG,37,10,47
25,AND,3,2,5
25,ANG,15,15,30
25,ANT,2,1,3
25,ARG,98,45,143
25,ARM,23,2,25
25,ARU,3,2,5
25,ASA,3,1,4
25,AUS,341,276,617
25,AUT,55,37,92
25,AZE,25,6,31
25,BAH,16,9,25
25,BAN,2,3,5
25,BAR,12,6,18
25,BDI,5,1,6
25,BEL,36,32,68
25,BEN,3,1,4
25,BER,4,2,6
25,BHU,1,1,2
25,BIH,7,2,9
25,BIZ,1,1,2
25,BLR,72,67,139
25,BOL,3,2,5
25,BOT,7,-,7
25,BRA,106,92,198
25,BRN,2,2,4
25,BRU,2,-,2
25,BUL,52,39,91
25,BUR,3,1,4
25,CAF,1,2,3
25,CAM,2,2,4
25,CAN,150,144,294
25,CAY,1,2,3
25,CGO,3,2,5
25,CHA,1,1,2
25,CHI,43,7,50
25,CHN,91,180,271
25,CIV,7,7,14
25,CMR,25,9,34
25,COD,1,1,2
25,COK,1,1,2
25,COL,25,19,44
25,COM,1,1,2
25,CPV,1,1,2
25,CRC,5,2,7
25,CRO,63,25,88
25,CUB,147,82,229
25,CYP,17,5,22
25,CZE,86,33,119
25,DEN,53,44,97
25,DJI,1,1,2
25,DMA,2,2,4
25,DOM,11,2,13
25,ECU,7,3,10
25,EGY,74,15,89
25,ERI,2,1,3
25,ESA,4,4,8
25,ESP,216,105,321
25,EST,31,2,33
25,ETH,15,11,26
25,FIJ,4,3,7
25,FIN,40,30,70
25,FRA,211,125,336
25,FSM,3,2,5
25,GAB,3,2,5
25,GAM,1,1,2
25,GBR,181,129,310
25,GBS,2,1,3
25,GEO,27,9,36
25,GEQ,2,2,4
25,GER,241,181,422
25,GHA,16,6,22
25,GRE,82,58,140
25,GRN,2,1,3
25,GUA,14,1,15
25,GUI,3,3,6
25,GUM,5,2,7
25,GUY,3,1,4
25,HAI,3,2,5
25,HKG,19,12,31
25,HON,18,2,20
25,HUN,109,69,178
25,INA,27,20,47
25,IND,44,21,65
25,IOA,3,1,4
25,IRI,32,1,33
25,IRL,40,24,64
25,IRQ,2,2,4
25,ISL,9,9,18
25,ISR,29,10,39
25,ISV,6,3,9
25,ITA,246,115,361
25,IVB,1,-,1
25,JAM,22,26,48
25,JOR,4,4,8
25,JPN,156,110,266
25,KAZ,86,44,130
25,KEN,34,22,56
25,KGZ,35,13,48
25,KOR,175,106,281
25,KSA,18,-,18
25,KUW,29,-,29
25,LAO,2,1,3
25,LAT,30,15,45
25,LBA,3,-,3
25,LBN,4,2,6
25,LBR,6,2,8
25,LCA,3,2,5
25,LES,4,2,6
25,LIE,1,1,2
25,LTU,40,21,61
25,LUX,2,5,7
25,MAD,5,6,11
25,MAR,46,9,55
25,MAS,32,8,40
25,MAW,1,1,2
25,MDA,29,5,34
25,MDV,2,2,4
25,MEX,52,26,78
25,MGL,12,8,20
25,MKD,6,4,10
25,MLI,3,2,5
25,MLT,4,3,7
25,MON,3,1,4
25,MOZ,2,2,4
25,MRI,16,4,20
25,MTN,1,1,2
25,MYA,1,6,7
25,NAM,9,2,11
25,NCA,4,2,6
25,NED,147,84,231
25,NEP,2,3,5
25,NGR,44,39,83
25,NIG,2,2,4
25,NOR,44,49,93
25,NRU,1,1,2
25,NZL,77,70,147
25,OMA,6,-,6
25,PAK,26,1,27
25,PAN,4,2,6
25,PAR,2,3,5
25,PER,8,13,21
25,PHI,11,9,20
25,PLE,1,1,2
25,PLW,2,3,5
25,PNG,2,3,5
25,POL,129,58,187
25,POR,48,13,61
25,PRK,14,17,31
25,PUR,23,6,29
25,QAT,17,-,17
25,ROU,71,74,145
25,RSA,89,38,127
25,RUS,241,194,435
25,RWA,3,2,5
25,SAM,4,1,5
25,SCG,92,17,109
25,SEN,7,19,26
25,SEY,6,3,9
25,SGP,8,6,14
25,SKN,1,1,2
25,SLE,2,1,3
25,SLO,55,19,74
25,SMR,3,1,4
25,SOL,1,1,2
25,SOM,1,1,2
25,SRI,9,9,18
25,STP,1,1,2
25,SUD,2,1,3
25,SUI,64,38,102
25,SUR,2,2,4
25,SVK,81,27,108
25,SWE,98,52,150
25,SWZ,4,2,6
25,SYR,6,2,8
25,TAN,3,1,4
25,TGA,2,1,3
25,THA,34,18,52
25,TJK,2,2,4
25,TKM,4,4,8
25,TOG,2,1,3
25,TPE,21,34,55
25,TTO,14,5,19
25,TUN,40,7,47
25,TUR,42,15,57
25,UAE,4,-,4
25,UGA,9,4,13
25,UKR,139,91,230
25,URU,12,3,15
25,USA,333,253,586
25,UZB,52,18,70
25,VAN,2,1,3
25,VEN,36,14,50
25,VIE,3,4,7
25,VIN,2,2,4
25,YEM,1,1,2
25,ZAM,6,2,8
25,ZIM,11,5,16
26,AFG,3,2,5
26,AHO,3,-,3
26,ALB,5,2,7
26,ALG,46,15,61
26,AND,4,2,6
26,ANG,14,16,30
26,ANT,3,2,5
26,ARG,106,46,152
26,ARM,16,2,18
26,ARU,3,1,4
26,ASA,2,1,3
26,AUS,268,202,470
26,AUT,54,20,74
26,AZE,30,6,36
26,BAH,13,9,22
26,BAN,3,1,4
26,BAR,9,1,10
26,BDI,5,2,7
26,BEL,31,19,50
26,BEN,2,2,4
26,BER,5,5,10
26,BHU,1,1,2
26,BIH,7,2,9
26,BIZ,1,1,2
26,BLR,82,69,151
26,BOL,4,3,7
26,BOT,10,1,11
26,BRA,124,119,243
26,BRN,7,3,10
26,BRU,1,-,1
26,BUL,49,46,95
26,BUR,3,2,5
26,CAF,2,2,4
26,CAM,2,2,4
26,CAN,130,132,262
26,CAY,3,2,5
26,CGO,2,3,5
26,CHA,-,1,1
26,CHI,16,6,22
26,CHN,136,247,383
26,CIV,2,3,5
26,CMR,10,7,17
26,COD,3,1,4
26,COK,2,1,3
26,COL,32,21,53
26,COM,2,1,3
26,CPV,2,1,3
26,CRC,17,3,20
26,CRO,66,15,81
26,CUB,97,54,151
26,CYP,13,7,20
26,CZE,80,62,142
26,DEN,48,44,92
26,DMA,1,1,2
26,DOM,17,16,33
26,ECU,11,5,16
26,EGY,81,16,97
26,ERI,3,1,4
26,ESA,2,5,7
26,ESP,177,139,316
26,EST,31,11,42
26,ETH,14,12,26
26,FIJ,4,4,8
26,FIN,36,17,53
26,FRA,195,113,308
26,FSM,3,2,5
26,GAB,3,2,5
26,GAM,1,1,2
26,GBR,161,103,264
26,GBS,1,2,3
26,GEO,26,6,32
26,GEQ,1,1,2
26,GER,250,191,441
26,GHA,23,3,26
26,GRE,215,211,426
26,GRN,3,2,5
26,GUA,11,7,18
26,GUI,2,1,3
26,GUM,3,1,4
26,GUY,2,2,4
26,HAI,7,1,8
26,HKG,14,18,32
26,HON,3,2,5
26,HUN,119,90,209
26,INA,22,16,38
26,IND,48,25,73
26,IRI,36,1,37
26,IRL,32,14,46
26,IRQ,23,1,24
26,ISL,21,5,26
26,ISR,20,16,36
26,ISV,5,1,6
26,ITA,229,135,364
26,IVB,1,-,1
26,JAM,22,25,47
26,JOR,4,4,8
26,JPN,139,167,306
26,KAZ,71,43,114
26,KEN,22,24,46
26,KGZ,22,7,29
26,KIR,2,1,3
26,KOR,145,119,264
26,KSA,16,-,16
26,KUW,10,1,11
26,LAO,3,2,5
26,LAT,22,10,32
26,LBA,6,2,8
26,LBN,3,2,5
26,LBR,1,1,2
26,LCA,1,1,2
26,LES,1,2,3
26,LIE,1,-,1
26,LTU,47,12,59
26,LUX,6,4,10
26,MAD,3,5,8
26,MAR,47,8,55
26,MAS,18,8,26
26,MAW,2,2,4
26,MDA,26,7,33
26,MDV,2,2,4
26,MEX,59,50,109
26,MGL,13,7,20
26,MKD,7,3,10
26,MLI,19,2,21
26,MLT,4,3,7
26,MON,2,1,3
26,MOZ,2,2,4
26,MRI,6,3,9
26,MTN,1,1,2
26,MYA,-,2,2
26,NAM,7,1,8
26,NCA,2,3,5
26,NED,134,76,210
26,NEP,3,3,6
26,NGR,24,46,70
26,NIG,3,1,4
26,NOR,35,17,52
26,NRU,2,1,3
26,NZL,81,67,148
26,OMA,2,-,2
26,PAK,24,2,26
26,PAN,3,1,4
26,PAR,20,2,22
26,PER,7,5,12
26,PHI,12,4,16
26,PLE,2,1,3
26,PLW,2,2,4
26,PNG,2,2,4
26,POL,132,62,194
26,POR,64,17,81
26,PRK,13,23,36
26,PUR,32,11,43
26,QAT,15,-,15
26,ROU,50,58,108
26,RSA,66,40,106
26,RUS,244,202,446
26,RWA,3,2,5
26,SAM,2,1,3
26,SCG,78,7,85
26,SEN,6,9,15
26,SEY,7,2,9
26,SGP,6,10,16
26,SKN,1,1,2
26,SLE,1,1,2
26,SLO,56,23,79
26,SMR,4,1,5
26,SOL,1,1,2
26,SOM,1,1,2
26,SRI,4,3,7
26,STP,1,1,2
26,SUD,3,1,4
26,SUI,59,39,98
26,SUR,2,2,4
26,SVK,48,16,64
26,SWE,62,53,115
26,SWZ,2,1,3
26,SYR,5,1,6
26,TAN,6,2,8
26,TGA,4,1,5
26,THA,24,18,42
26,TJK,5,4,9
26,TKM,6,3,9
26,TLS,1,1,2
26,TOG,2,1,3
26,TPE,49,39,88
26,TTO,10,9,19
26,TUN,44,10,54
26,TUR,44,20,64
26,UAE,4,-,4
26,UGA,9,2,11
26,UKR,124,115,239
26,URU,13,2,15
26,USA,279,254,533
26,UZB,51,18,69
26,VAN,1,1,2
26,VEN,33,15,48
26,VIE,6,5,11
26,VIN,2,1,3
26,YEM,3,-,3
26,ZAM,4,2,6
26,ZIM,9,3,12
53,AFG,3,1,4
53,AHO,3,-,3
53,ALB,7,4,11
53,ALG,34,22,56
53,AND,3,2,5
53,ANG,17,15,32
53,ANT,4,1,5
53,ARG,79,53,132
53,ARM,23,2,25
53,ARU,2,-,2
53,ASA,2,2,4
53,AUS,233,199,432
53,AUT,40,30,70
53,AZE,30,14,44
53,BAH,16,9,25
53,BAN,3,2,5
53,BAR,7,1,8
53,BDI,1,2,3
53,BEL,77,17,94
53,BEN,3,2,5
53,BER,2,4,6
53,BHU,1,1,2
53,BIH,4,1,5
53,BIZ,3,1,4
53,BLR,93,84,177
53,BOL,4,3,7
53,BOT,9,2,11
53,BRA,139,129,268
53,BRN,11,3,14
53,BUL,43,27,70
53,BUR,3,3,6
53,CAF,2,1,3
53,CAM,2,2,4
53,CAN,186,146,332
53,CAY,3,1,4
53,CGO,3,2,5
53,CHA,1,1,2
53,CHI,20,6,26
53,CHN,310,289,599
53,CIV,19,2,21
53,CMR,25,7,32
53,COD,4,1,5
53,COK,3,1,4
53,COL,43,24,67
53,COM,2,1,3
53,CPV,1,1,2
53,CRC,6,2,8
53,CRO,80,19,99
53,CUB,102,56,158
53,CYP,7,10,17
53,CZE,75,59,134
53,DEN,64,20,84
53,DJI,1,1,2
53,DMA,2,-,2
53,DOM,18,6,24
53,ECU,17,8,25
53,EGY,74,26,100
53,ERI,8,2,10
53,ESA,4,7,11
53,ESP,163,120,283
53,EST,34,13,47
53,ETH,14,13,27
53,FIJ,4,2,6
53,FIN,31,26,57
53,FRA,188,121,309
53,FSM,3,2,5
53,GAB,2,2,4
53,GAM,2,1,3
53,GBR,163,141,304
53,GBS,2,1,3
53,GEO,27,8,35
53,GEQ,2,1,3
53,GER,237,183,420
53,GHA,8,1,9
53,GRE,82,70,152
53,GRN,4,5,9
53,GUA,9,3,12
53,GUI,2,3,5
53,GUM,4,2,6
53,GUY,2,2,4
53,HAI,3,4,7
53,HKG,17,17,34
53,HON,23,2,25
53,HUN,88,83,171
53,INA,15,9,24
53,IND,31,22,53
53,IRI,51,3,54
53,IRL,39,16,55
53,IRQ,3,1,4
53,ISL,20,7,27
53,ISR,23,20,43
53,ISV,6,1,7
53,ITA,203,130,333
53,IVB,1,1,2
53,JAM,23,27,50
53,JOR,3,4,7
53,JPN,167,165,332
53,KAZ,60,70,130
53,KEN,28,18,46
53,KGZ,16,4,20
53,KIR,2,-,2
53,KOR,159,106,265
53,KSA,14,-,14
53,KUW,8,-,8
53,LAO,2,2,4
53,LAT,29,18,47
53,LBA,4,2,6
53,LBN,4,2,6
53,LBR,2,1,3
53,LCA,1,3,4
53,LES,4,1,5
53,LIE,2,-,2
53,LTU,44,27,71
53,LUX,9,4,13
53,MAD,4,2,6
53,MAR,36,11,47
53,MAS,18,14,32
53,MAW,2,2,4
53,MDA,21,8,29
53,MDV,2,2,4
53,MEX,43,40,83
53,MGL,14,14,28
53,MHL,3,2,5
53,MKD,5,2,7
53,MLI,3,14,17
53,MLT,3,3,6
53,MNE,17,2,19
53,MON,4,1,5
53,MOZ,2,2,4
53,MRI,6,5,11
53,MTN,1,1,2
53,MYA,4,2,6
53,NAM,6,4,10
53,NCA,3,3,6
53,NED,139,98,237
53,NEP,4,4,8
53,NGR,37,37,74
53,NIG,2,2,4
53,NOR,30,54,84
53,NRU,1,-,1
53,NZL,96,82,178
53,OMA,3,1,4
53,PAK,19,2,21
53,PAN,3,2,5
53,PAR,3,4,7
53,PER,7,6,13
53,PHI,10,5,15
53,PLE,2,2,4
53,PLW,3,2,5
53,PNG,3,4,7
53,POL,156,101,257
53,POR,51,26,77
53,PRK,21,37,58
53,PUR,17,5,22
53,QAT,20,-,20
53,ROU,40,61,101
53,RSA,75,59,134
53,RUS,231,223,454
53,RWA,2,2,4
53,SAM,4,2,6
53,SEN,8,7,15
53,SEY,6,3,9
53,SGP,11,14,25
53,SKN,1,3,4
53,SLE,2,1,3
53,SLO,40,21,61
53,SMR,2,2,4
53,SOL,1,2,3
53,SOM,1,1,2
53,SRB,63,24,87
53,SRI,4,4,8
53,STP,2,1,3
53,SUD,5,4,9
53,SUI,47,36,83
53,SUR,2,2,4
53,SVK,35,22,57
53,SWE,50,73,123
53,SWZ,2,2,4
53,SYR,6,1,7
53,TAN,7,2,9
53,TGA,2,1,3
53,THA,22,25,47
53,TJK,12,3,15
53,TKM,6,4,10
53,TLS,-,1,1
53,TOG,3,1,4
53,TPE,43,36,79
53,TTO,17,11,28
53,TUN,14,12,26
53,TUR,48,19,67
53,TUV,2,1,3
53,UAE,6,2,8
53,UGA,9,2,11
53,UKR,127,116,243
53,URU,9,3,12
53,USA,306,282,588
53,UZB,41,15,56
53,VAN,1,2,3
53,VEN,57,51,108
53,VIE,7,6,13
53,VIN,1,1,2
53,YEM,4,1,5
53,ZAM,6,2,8
53,ZIM,8,5,13
54,AFG,5,1,6
54,ALB,6,3,9
54,ALG,21,17,38
54,AND,4,2,6
54,ANG,4,29,33
54,ANT,2,2,4
54,ARG,97,40,137
54,ARM,20,4,24
54,ARU,3,1,4
54,ASA,3,1,4
54,AUS,221,184,405
54,AUT,39,31,70
54,AZE,38,14,52
54,BAH,12,9,21
54,BAN,4,1,5
54,BAR,6,-,6
54,BDI,2,4,6
54,BEL,69,42,111
54,BEN,4,1,5
54,BER,5,3,8
54,BHU,-,2,2
54,BIH,4,2,6
54,BIZ,2,1,3
54,BLR,89,71,160
54,BOL,3,2,5
54,BOT,3,1,4
54,BRA,131,117,248
54,BRN,4,8,12
54,BRU,2,1,3
54,BUL,37,26,63
54,BUR,2,3,5
54,CAF,3,3,6
54,CAM,3,3,6
54,CAN,119,154,273
54,CAY,4,-,4
54,CGO,4,3,7
54,CHA,-,2,2
54,CHI,21,14,35
54,CHN,160,216,376
54,CIV,4,5,9
54,CMR,10,22,32
54,COD,3,1,4
54,COK,3,5,8
54,COL,45,56,101
54,COM,1,2,3
54,CPV,1,2,3
54,CRC,8,3,11
54,CRO,64,43,107
54,CUB,65,44,109
54,CYP,9,4,13
54,CZE,68,65,133
54,DEN,66,48,114
54,DJI,2,2,4
54,DMA,1,1,2
54,DOM,13,20,33
54,ECU,23,13,36
54,EGY,75,34,109
54,ERI,11,1,12
54,ESA,5,5,10
54,ESP,168,110,278
54,EST,23,9,32
54,ETH,18,15,33
54,FIJ,6,3,9
54,FIN,29,27,56
54,FRA,182,142,324
54,FSM,4,2,6
54,GAB,19,2,21
54,GAM,1,1,2
54,GBR,273,257,530
54,GBS,2,2,4
54,GEO,28,6,34
54,GEQ,1,1,2
54,GER,212,171,383
54,GHA,5,2,7
54,GRE,65,37,102
54,GRN,5,3,8
54,GUA,12,7,19
54,GUI,2,2,4
54,GUM,5,3,8
54,GUY,4,2,6
54,HAI,3,2,5
54,HKG,21,20,41
54,HON,22,3,25
54,HUN,93,59,152
54,INA,13,9,22
54,IND,58,23,81
54,IOA,3,1,4
54,IRI,44,8,52
54,IRL,36,28,64
54,IRQ,5,3,8
54,ISL,21,6,27
54,ISR,19,18,37
54,ISV,4,3,7
54,ITA,158,123,281
54,IVB,1,1,2
54,JAM,23,22,45
54,JOR,5,4,9
54,JPN,136,155,291
54,KAZ,73,40,113
54,KEN,27,20,47
54,KGZ,11,3,14
54,KIR,2,1,3
54,KOR,135,115,250
54,KSA,16,2,18
54,KUW,8,2,10
54,LAO,2,1,3
54,LAT,31,14,45
54,LBA,3,1,4
54,LBN,3,7,10
54,LBR,1,2,3
54,LCA,1,3,4
54,LES,2,2,4
54,LIE,1,2,3
54,LTU,39,23,62
54,LUX,5,4,9
54,MAD,3,4,7
54,MAR,46,17,63
54,MAS,16,13,29
54,MAW,1,2,3
54,MDA,12,8,20
54,MDV,3,2,5
54,MEX,62,37,99
54,MGL,16,13,29
54,MHL,2,2,4
54,MKD,2,2,4
54,MLI,4,2,6
54,MLT,3,2,5
54,MNE,18,15,33
54,MON,5,1,6
54,MOZ,4,2,6
54,MRI,4,7,11
54,MTN,1,1,2
54,MYA,3,3,6
54,NAM,5,4,9
54,NCA,3,3,6
54,NED,94,79,173
54,NEP,2,3,5
54,NGR,30,19,49
54,NIG,4,2,6
54,NOR,33,28,61
54,NRU,2,-,2
54,NZL,96,82,178
54,OMA,2,1,3
54,PAK,19,2,21
54,PAN,6,2,8
54,PAR,4,4,8
54,PER,9,7,16
54,PHI,7,4,11
54,PLE,3,2,5
54,PLW,2,3,5
54,PNG,4,4,8
54,POL,124,86,210
54,POR,44,32,76
54,PRK,15,37,52
54,PUR,19,6,25
54,QAT,8,4,12
54,ROU,55,50,105
54,RSA,68,56,124
54,RUS,203,226,429
54,RWA,5,2,7
54,SAM,5,3,8
54,SEN,24,7,31
54,SEY,4,2,6
54,SGP,8,15,23
54,SKN,4,-,4
54,SLE,1,1,2
54,SLO,28,37,65
54,SMR,1,3,4
54,SOL,2,2,4
54,SOM,1,1,2
54,SRB,80,36,116
54,SRI,4,3,7
54,STP,1,1,2
54,SUD,4,2,6
54,SUI,70,28,98
54,SUR,3,2,5
54,SVK,26,21,47
54,SWE,55,78,133
54,SWZ,2,1,3
54,SYR,6,4,10
54,TAN,4,2,6
54,TGA,2,1,3
54,THA,19,18,37
54,TJK,13,3,16
54,TKM,7,3,10
54,TLS,1,1,2
54,TOG,4,2,6
54,TPE,19,25,44
54,TTO,18,7,25
54,TUN,63,20,83
54,TUR,48,64,112
54,TUV,2,1,3
54,UAE,24,2,26
54,UGA,11,4,15
54,UKR,119,111,230
54,URU,24,3,27
54,USA,262,268,530
54,UZB,36,17,53
54,VAN,3,2,5
54,VEN,42,26,68
54,VIE,6,12,18
54,VIN,2,1,3
54,YEM,3,1,4
54,ZAM,5,2,7
54,ZIM,4,3,7
59,AFG,2,1,3
59,ALB,3,3,6
59,ALG,54,10,64
59,AND,2,2,4
59,ANG,8,18,26
59,ANT,6,2,8
59,ARG,140,75,215
59,ARM,24,7,31
59,ARU,3,4,7
59,ASA,3,1,4
59,AUS,208,212,420
59,AUT,37,34,71
59,AZE,42,14,56
59,BAH,17,12,29
59,BAN,4,3,7
59,BAR,7,4,11
59,BDI,5,4,9
59,BEL,70,34,104
59,BEN,4,2,6
59,BER,4,4,8
59,BHU,-,2,2
59,BIH,7,4,11
59,BIZ,2,1,3
59,BLR,53,67,120
59,BOL,6,6,12
59,BOT,9,3,12
59,BRA,255,207,462
59,BRN,20,13,33
59,BRU,2,1,3
59,BUL,29,21,50
59,BUR,3,2,5
59,CAF,3,3,6
59,CAM,2,4,6
59,CAN,127,183,310
59,CAY,3,2,5
59,CGO,7,3,10
59,CHA,1,1,2
59,CHI,25,17,42
59,CHN,151,241,392
59,CIV,5,7,12
59,CMR,5,17,22
59,COD,2,2,4
59,COK,4,5,9
59,COL,73,70,143
59,COM,2,2,4
59,CPV,2,3,5
59,CRC,6,5,11
59,CRO,66,19,85
59,CUB,83,34,117
59,CYP,9,6,15
59,CZE,62,42,104
59,DEN,78,41,119
59,DJI,6,1,7
59,DMA,1,1,2
59,DOM,18,8,26
59,ECU,22,15,37
59,EGY,84,37,121
59,EOR,6,4,10
59,ERI,11,1,12
59,ESA,5,3,8
59,ESP,164,143,307
59,EST,28,18,46
59,ETH,17,20,37
59,FIJ,36,17,53
59,FIN,26,28,54
59,FRA,225,167,392
59,FSM,2,3,5
59,GAB,4,2,6
59,GAM,3,1,4
59,GBR,201,159,360
59,GBS,3,2,5
59,GEO,30,10,40
59,GEQ,1,-,1
59,GER,224,194,418
59,GHA,7,6,13
59,GRE,56,36,92
59,GRN,5,2,7
59,GUA,15,6,21
59,GUI,2,3,5
59,GUM,3,2,5
59,GUY,3,3,6
59,HAI,7,3,10
59,HKG,15,22,37
59,HON,22,1,23
59,HUN,88,66,154
59,INA,17,11,28
59,IND,61,51,112
59,IOA,8,1,9
59,IRI,54,9,63
59,IRL,50,26,76
59,IRQ,20,-,20
59,ISL,3,5,8
59,ISR,22,25,47
59,ISV,5,2,7
59,ITA,168,141,309
59,IVB,1,3,4
59,JAM,25,31,56
59,JOR,7,1,8
59,JPN,171,164,335
59,KAZ,55,46,101
59,KEN,46,33,79
59,KGZ,12,7,19
59,KIR,2,1,3
59,KOR,103,104,207
59,KOS,3,5,8
59,KSA,7,3,10
59,LAO,4,2,6
59,LAT,19,13,32
59,LBA,6,1,7
59,LBN,4,5,9
59,LBR,1,1,2
59,LCA,2,3,5
59,LES,7,1,8
59,LIE,1,2,3
59,LTU,48,19,67
59,LUX,5,5,10
59,MAD,2,4,6
59,MAR,29,19,48
59,MAS,17,15,32
59,MAW,3,2,5
59,MDA,14,9,23
59,MDV,2,2,4
59,MEX,79,44,123
59,MGL,26,17,43
59,MHL,2,3,5
59,MKD,2,4,6
59,MLI,4,2,6
59,MLT,4,3,7
59,MNE,17,18,35
59,MON,3,-,3
59,MOZ,5,1,6
59,MRI,5,6,11
59,MTN,1,1,2
59,MYA,4,3,7
59,NAM,4,6,10
59,NCA,3,2,5
59,NED,105,132,237
59,NEP,3,4,7
59,NGR,47,24,71
59,NIG,4,2,6
59,NOR,29,33,62
59,NRU,2,-,2
59,NZL,98,97,195
59,OMA,2,2,4
59,PAK,4,3,7
59,PAN,4,6,10
59,PAR,6,5,11
59,PER,17,12,29
59,PHI,7,6,13
59,PLE,4,2,6
59,PLW,3,2,5
59,PNG,6,2,8
59,POL,139,95,234
59,POR,61,29,90
59,PRK,11,20,31
59,PUR,13,27,40
59,QAT,35,2,37
59,ROU,34,61,95
59,RSA,93,42,135
59,RUS,142,142,284
59,RWA,4,3,7
59,SAM,5,3,8
59,SEN,6,16,22
59,SEY,8,2,10
59,SGP,9,16,25
59,SKN,5,1,6
59,SLE,2,2,4
59,SLO,39,24,63
59,SMR,2,2,4
59,SOL,1,2,3
59,SOM,1,1,2
59,SRB,58,45,103
59,SRI,7,2,9
59,SSD,2,1,3
59,STP,2,1,3
59,SUD,4,2,6
59,SUI,57,45,102
59,SUR,4,2,6
59,SVK,32,19,51
59,SWE,64,86,150
59,SWZ,1,1,2
59,SYR,4,3,7
59,TAN,5,2,7
59,TGA,4,3,7
59,THA,26,28,54
59,TJK,5,2,7
59,TKM,4,5,9
59,TLS,1,2,3
59,TOG,2,3,5
59,TPE,26,29,55
59,TTO,18,10,28
59,TUN,41,20,61
59,TUR,53,47,100
59,TUV,1,-,1
59,UAE,9,3,12
59,UGA,14,7,21
59,UKR,87,117,204
59,URU,12,5,17
59,USA,264,291,555
59,UZB,47,23,70
59,VAN,4,-,4
59,VEN,61,24,85
59,VIE,10,12,22
59,VIN,2,2,4
59,YEM,2,1,3
59,ZAM,5,2,7
59,ZIM,9,21,30
61,AFG,4,1,5
61,ALB,6,3,9
61,ALG,25,13,38
61,AND,1,1,2
61,ANG,4,16,20
61,ANT,3,3,6
61,ARG,127,58,185
61,ARM,14,3,17
61,ARU,2,1,3
61,ASA,5,1,6
61,AUS,222,257,479
61,AUT,36,37,73
61,AZE,28,16,44
61,BAH,6,9,15
61,BAN,4,2,6
61,BAR,4,4,8
61,BDI,3,3,6
61,BEL,69,54,123
61,BEN,4,3,7
61,BER,1,1,2
61,BHU,2,2,4
61,BIH,4,3,7
61,BIZ,2,1,3
61,BLR,45,58,103
61,BOL,3,2,5
61,BOT,8,5,13
61,BRA,164,146,310
61,BRN,25,7,32
61,BRU,2,-,2
61,BUL,14,28,42
61,BUR,5,2,7
61,CAF,1,1,2
61,CAM,2,1,3
61,CAN,148,230,378
61,CAY,2,3,5
61,CGO,1,2,3
61,CHA,1,2,3
61,CHI,20,31,51
61,CHN,125,285,410
61,CIV,20,6,26
61,CMR,5,7,12
61,COD,3,3,6
61,COK,3,3,6
61,COL,45,22,67
61,COM,2,1,3
61,CPV,3,3,6
61,CRC,5,8,13
61,CRO,40,20,60
61,CUB,35,32,67
61,CYP,9,6,15
61,CZE,70,39,109
61,DEN,55,49,104
61,DJI,3,1,4
61,DMA,1,1,2
61,DOM,42,23,65
61,ECU,17,29,46
61,EGY,89,48,137
61,EOR,19,10,29
61,ERI,8,5,13
61,ESA,3,2,5
61,ESP,190,138,328
61,EST,19,14,33
61,ETH,17,19,36
61,FIJ,16,16,32
61,FIN,22,23,45
61,FRA,212,168,380
61,FSM,2,1,3
61,GAB,3,2,5
61,GAM,3,1,4
61,GBR,178,197,375
61,GBS,3,1,4
61,GEO,28,5,33
61,GEQ,2,1,3
61,GER,234,158,392
61,GHA,10,2,12
61,GRE,45,30,75
61,GRN,4,2,6
61,GUA,14,10,24
61,GUI,2,2,4
61,GUM,2,3,5
61,GUY,3,4,7
61,HAI,2,4,6
61,HKG,17,26,43
61,HON,21,2,23
61,HUN,81,91,172
61,INA,16,12,28
61,IND,67,53,120
61,IRI,55,10,65
61,IRL,63,57,120
61,IRQ,2,1,3
61,ISL,3,1,4
61,ISR,55,34,89
61,ISV,3,1,4
61,ITA,188,178,366
61,IVB,1,2,3
61,JAM,24,30,54
61,JOR,10,4,14
61,JPN,314,286,600
61,KAZ,64,33,97
61,KEN,36,49,85
61,KGZ,11,5,16
61,KIR,2,1,3
61,KOR,130,105,235
61,KOS,5,6,11
61,KSA,29,2,31
61,KUW,8,2,10
61,LAO,2,2,4
61,LAT,19,13,32
61,LBA,3,1,4
61,LBN,3,3,6
61,LBR,2,1,3
61,LCA,2,3,5
61,LES,1,1,2
61,LIE,2,3,5
61,LTU,26,16,42
61,LUX,8,4,12
61,MAD,4,2,6
61,MAR,30,14,44
61,MAS,12,18,30
61,MAW,2,3,5
61,MDA,9,11,20
61,MDV,2,2,4
61,MEX,95,65,160
61,MGL,18,25,43
61,MHL,1,1,2
61,MKD,5,3,8
61,MLI,3,1,4
61,MLT,2,4,6
61,MNE,16,18,34
61,MON,3,3,6
61,MOZ,4,6,10
61,MRI,6,2,8
61,MTN,1,1,2
61,MYA,1,1,2
61,NAM,5,6,11
61,NCA,4,4,8
61,NED,112,155,267
61,NEP,1,4,5
61,NGR,24,29,53
61,NIG,4,3,7
61,NOR,59,34,93
61,NRU,1,1,2
61,NZL,113,102,215
61,OMA,4,1,5
61,PAK,7,3,10
61,PAN,4,6,10
61,PAR,3,5,8
61,PER,19,16,35
61,PHI,9,10,19
61,PLE,3,2,5
61,PLW,2,1,3
61,PNG,4,4,8
61,POL,108,98,206
61,POR,56,36,92
61,PUR,13,24,37
61,QAT,13,2,15
61,ROC,147,187,334
61,ROU,57,45,102
61,RSA,115,62,177
61,RWA,3,2,5
61,SAM,7,1,8
61,SEN,6,3,9
61,SEY,4,1,5
61,SGP,6,17,23
61,SKN,1,1,2
61,SLE,1,2,3
61,SLO,28,25,53
61,SMR,3,2,5
61,SOL,1,2,3
61,SOM,1,1,2
61,SRB,43,44,87
61,SRI,4,5,9
61,SSD,1,1,2
61,STP,2,1,3
61,SUD,2,2,4
61,SUI,59,54,113
61,SUR,2,-,2
61,SVK,27,14,41
61,SWE,55,78,133
61,SWZ,3,1,4
61,SYR,5,1,6
61,TAN,2,1,3
61,TGA,3,3,6
61,THA,15,26,41
61,TJK,9,1,10
61,TKM,5,4,9
61,TLS,2,1,3
61,TOG,3,1,4
61,TPE,33,35,68
61,TTO,15,10,25
61,TUN,34,29,63
61,TUR,56,49,105
61,TUV,1,1,2
61,UAE,5,-,5
61,UGA,12,13,25
61,UKR,64,85,149
61,URU,6,5,11
61,USA,285,336,621
61,UZB,37,30,67
61,VAN,3,-,3
61,VEN,30,13,43
61,VIE,8,10,18
61,VIN,1,2,3
61,YEM,3,2,5
61,ZAM,6,21,27
61,ZIM,4,1,5
